cookie,timestamp
tFZpjqqLsAUGXKxb,2018-12-07T23:30:00+00:00
xdtkzflVedYUAeGN,2018-12-07T23:30:00+00:01
CKgzmKeudTmECate,2018-12-07T23:30:00+00:02
EQYbTlzGLQxuRmbr,2018-12-07T23:30:00+00:03
LNWOdKzYUuOdAEGi,2018-12-07T23:30:00+00:04
CEPnfTSPDNjEBcro,2018-12-07T23:30:00+00:05
sytriUESfoIEbGyg,2018-12-07T23:30:00+00:06
MvnwyTUyoBPYDmeN,2018-12-07T23:30:00+00:07
VDeWEGxqGThMtitQ,2018-12-07T23:30:00+00:08
uHkwRzBTiIXgojum,2018-12-07T23:30:00+00:09
gLusRDkwCjiCTYAW,2018-12-07T23:30:00+00:10
QFhSBALKGKWviYfP,2018-12-07T23:30:00+00:11
LQaWVvTueinnzeHP,2018-12-07T23:30:00+00:12
VMbyWGZnBzpeltDi,2018-12-07T23:30:00+00:04
XkVdGBZjPOqDpXJX,2018-12-07T23:30:00+00:05
HzuaOdvXVvpwWLZj,2018-12-07T23:30:00+00:06
sOzOVvckEylmpCZs,2018-12-07T23:30:00+00:07
CPCjpmCyuCOLTVwf,2018-12-07T23:30:00+00:08
RVvOEQcXglGyoPse,2018-12-07T23:30:00+00:09
zowUqVjDrxPuhGyS,2018-12-07T23:30:00+00:10
VPYhEYMKvyRbGdRA,2018-12-07T23:30:00+00:11
vyLSQhhnEPiicSHO,2018-12-07T23:30:00+00:12
mCesarAZYrZBCwjU,2018-12-07T23:30:00+00:13
CIXVLfbmLwWrkBcX,2018-12-07T23:30:00+00:14
UBstfPFuSRZBEkoa,2018-12-07T23:30:00+00:15
XXSLihZPtXCLUIZC,2018-12-07T23:30:00+00:16
HDIoNyKctbOCYtMk,2018-12-07T23:30:00+00:17
lQfJvZorAANXEjWb,2018-12-07T23:30:00+00:18
RSZvCkVkLVCxAFvt,2018-12-07T23:30:00+00:19
dUQVjiUBYDgBynuE,2018-12-07T23:30:00+00:20
HlxBGUpFSGeYSloi,2018-12-07T23:30:00+00:21
KagcprKMUbiNPXqT,2018-12-07T23:30:00+00:22
OdDAWtZbAwidJoSl,2018-12-07T23:30:00+00:23
vguZCVGPsoAlrlKF,2018-12-07T23:30:00+00:24
JDYgOHuHvqkYVPQc,2018-12-07T23:30:00+00:25
SffwDjFeSuNQLOxT,2018-12-07T23:30:00+00:26
olqMWWuRpPxMKUee,2018-12-07T23:30:00+00:27
gwluVxthYuDnvrjq,2018-12-07T23:30:00+00:28
eUEHbCEHsMOzepjU,2018-12-07T23:30:00+00:29
xCHWCSuWeziQVANg,2018-12-07T23:30:00+00:30
YRvSLYQnABvuzSxD,2018-12-07T23:30:00+00:31
BpSFGOXFbIuzWdLa,2018-12-07T23:30:00+00:32
ltmjYooVpElwklkE,2018-12-07T23:30:00+00:33
KWpPyvbkojbjDcTV,2018-12-07T23:30:00+00:34
dINGLBPoljzRKZTB,2018-12-07T23:30:00+00:35
pArtsYPIzHkXcTxp,2018-12-07T23:30:00+00:36
TCHAKbVaoSszmPQY,2018-12-07T23:30:00+00:37
AmRSPlNuDvOrLqix,2018-12-07T23:30:00+00:38
csNScFregYEvNOrF,2018-12-07T23:30:00+00:39
oNIJrUjQGNEmMldM,2018-12-07T23:30:00+00:40
QnArrpxcUuViLWWz,2018-12-07T23:30:00+00:41
szHQunBpcmZzpyaL,2018-12-07T23:30:00+00:42
VwCguEGiNntbuCTP,2018-12-07T23:30:00+00:43
azsEIiIRXTEhLWij,2018-12-07T23:30:00+00:44
WbeietDLLxNJaRtr,2018-12-07T23:30:00+00:45
xGKRvhuQvZMrqrHG,2018-12-07T23:30:00+00:46
BiQppLMZlWuScUVZ,2018-12-07T23:30:00+00:47
IsiHuDtKqZYdBizZ,2018-12-07T23:30:00+00:48
cfYRcOpTPLAcCkRG,2018-12-07T23:30:00+00:49
oWlKXkyieCIFZKhy,2018-12-07T23:30:00+00:50
HrYRJvawaLDxOVTh,2018-12-07T23:30:00+00:51
UsXAQNMOhgaPdFxV,2018-12-07T23:30:00+00:52
LwljkizWXhavwRKb,2018-12-07T23:30:00+00:53
gBXUJyxhPUdmVQWW,2018-12-07T23:30:00+00:54
MyfVPHbUbjkImnwU,2018-12-07T23:30:00+00:55
wsUywoSspCrAunUB,2018-12-07T23:30:00+00:56
qknxJfyltCCMFzhy,2018-12-07T23:30:00+00:57
NofDqbPMqMmfloGi,2018-12-07T23:30:00+00:58
kVOwcLQPXiFaALdW,2018-12-07T23:30:00+00:59
jXZFuXVKofHvtNgm,2018-12-07T23:30:00+00:60
VdhsfPLmZkOVKTSd,2018-12-07T23:30:00+00:61
RuFIUlDDAVzSOmSp,2018-12-07T23:30:00+00:62
zxcndGSSeuXjHzRp,2018-12-07T23:30:00+00:63
wALPQWBXyCabLXtr,2018-12-07T23:30:00+00:64
QWfUVXbXFfhzXIyx,2018-12-07T23:30:00+00:65
wcKmlJnCtyUIqTXq,2018-12-07T23:30:00+00:66
OnxUSyTAhpULKpNA,2018-12-07T23:30:00+00:67
BhVcnOKqXMOJmnWv,2018-12-07T23:30:00+00:68
eoaBSdMhHOZkXdnF,2018-12-07T23:30:00+00:69
rUBUNZWIRceaHOTW,2018-12-07T23:30:00+00:70
KvGdeDTrzWZVqaUk,2018-12-07T23:30:00+00:71
NMcRhbFlfKqysRhm,2018-12-07T23:30:00+00:72
hRkKGTqWWYHFYhGA,2018-12-07T23:30:00+00:73
ZqrNPNQRetBkVtcb,2018-12-07T23:30:00+00:74
OgJIaqyNzXcMJvld,2018-12-07T23:30:00+00:75
BYhCKSCnFykcyyOf,2018-12-07T23:30:00+00:76
iufLuzrkYFLmsUzi,2018-12-07T23:30:00+00:77
lXHSYzHrwKbdyRMs,2018-12-07T23:30:00+00:78
fikKAVOZTtJQHBNP,2018-12-07T23:30:00+00:79
GnvpceoWcSpsuHPU,2018-12-07T23:30:00+00:80
LNRCbZNtNHMnANPs,2018-12-07T23:30:00+00:81
qyYnLrlzkDRokanX,2018-12-07T23:30:00+00:82
SNpKRnegsWplRubv,2018-12-07T23:30:00+00:83
iwGPvxsDZgYDaAgz,2018-12-07T23:30:00+00:84
vbhDTgYhboPsXKmJ,2018-12-07T23:30:00+00:85
FUpekddPVlOaixYp,2018-12-07T23:30:00+00:86
ReueyuIPCpIBIVyR,2018-12-07T23:30:00+00:87
lUhtdqTPrxXWGLsW,2018-12-07T23:30:00+00:88
GGUuGbknYWJQVdyi,2018-12-07T23:30:00+00:89
NHJkGomiElCKboZC,2018-12-07T23:30:00+00:90
